<Ui xmlns="http://www.blizzard.com/wow/ui/" xmlns:xsi="http://www.w3.org/2001/XMLSchema-instance" xsi:schemaLocation="http://www.blizzard.com/wow/ui/">

	<Script file="Localization.lua"/>
	<Script file="RapaxAlarm.lua"/>
	<Script file="LocalizationSound.lua" />
	<Script file="RapaxAlarmSound.lua" />
	<Script file="RapaxAlarm_Spells_Generic.lua" />
	<Script file="RapaxAlarm_Spells_BC.lua" />
	<Script file="RapaxAlarm_Fail_BC.lua" />
	<Script file="RapaxAlarm_Fail_Generic.lua" />
	<Script file="RapaxAlarm_Mobs.lua" />
	<Script file="RapaxAlarm_Custom.lua" />

	  <Frame name="RapaxAlarmFrame" parent="UIParent" hidden="false">
     <Scripts>
      <OnEvent>RapaxAlarm_OnEvent(self, event, ...);</OnEvent>
      <OnLoad>RapaxAlarm_OnLoad();</OnLoad>
    </Scripts>
  </Frame>
	
	
	<Frame name="RapaxAlarmSyeris" toplevel="true" hidden="true" parent="UIParent" enableMouse="true" movable="true">
	<Scripts>
  <OnLoad>self:RegisterForDrag("LeftButton");</OnLoad>
  <OnDragStart>self:StartMoving();</OnDragStart>
  <OnDragStop>self:StopMovingOrSizing();</OnDragStop>
 </Scripts>
    <Size x="256" y="256"/>
    <Anchors>
        <Anchor point="CENTER">
          <Offset>
            <AbsDimension x="300" y="300" />
          </Offset>
        </Anchor>
      </Anchors>
		<Layers>
			<Layer level="BACKGROUND">
<Texture name="syerisoverlay" file="Interface\AddOns\RapaxAlarm\Textures\syeris">
				</Texture>
			</Layer>
		</Layers>
	</Frame>
	
		<Frame name="RapaxAlarmMagtheridon" toplevel="true" hidden="true" parent="UIParent" enableMouse="true" movable="true">
	<Scripts>
  <OnLoad>self:RegisterForDrag("LeftButton");</OnLoad>
  <OnDragStart>self:StartMoving();</OnDragStart>
  <OnDragStop>self:StopMovingOrSizing();</OnDragStop>
 </Scripts>
    <Size x="128" y="128"/>
    <Anchors>
        <Anchor point="CENTER">
          <Offset>
            <AbsDimension x="400" y="400" />
          </Offset>
        </Anchor>
      </Anchors>
		<Layers>
			<Layer level="BACKGROUND">
<Texture name="Magtheridonoverlay" file="Interface\AddOns\RapaxAlarm\Textures\magtheridon">
				</Texture>
			</Layer>
		</Layers>
	</Frame>
	
	<Frame name="RapaxAlarmMain" toplevel="true" hidden="true" parent="UIParent">
		<Size>
			<AbsDimension x="2000" y="2000"/>
		</Size>
		<Anchors>
			<Anchor point="CENTER"/>
		</Anchors>
		<Layers>
			<Layer level="BACKGROUND">
				<Texture name="$parentBackground" setAllPoints="true">
					<Color r="0" g="0" b="1" a="0.2"/>
				</Texture>
			</Layer>
		</Layers>
	</Frame>

	<Frame name="RapaxAlarmTimer" toplevel="true" hidden="false" parent="UIParent">
		<Size>
			<AbsDimension x="1" y="1"/>
		</Size>
		<Anchors>
			<Anchor point="CENTER"/>
		</Anchors>
		<Layers>
			<Layer level="BACKGROUND">
				<Texture name="$parentBackground" setAllPoints="true">
					<Color r="0" g="0" b="0" a="0"/>
				</Texture>
			</Layer>
		</Layers>
		<Scripts>
			<OnLoad>
				RapaxAlarm_Init()
				this:RegisterEvent("CHAT_MSG_ADDON")
			</OnLoad>
			<OnUpdate>
				RapaxAlarm_Update(arg1)
			</OnUpdate>
			<OnEvent>
				if (event=="CHAT_MSG_ADDON") then
					if (arg1=="RapaxAlarm") then
						RapaxAlarm_Msg(arg2,arg4)
					end
				end
			</OnEvent>
		</Scripts>
	</Frame>

</Ui>