<Ui xmlns="http://www.blizzard.com/wow/ui/" xmlns:xsi="http://www.w3.org/2001/XMLSchema-instance" xsi:schemaLocation="http://www.blizzard.com/wow/ui/..\FrameXML\UI.xsd">
	
	<Script file="Libs\Ace3\LibStub\LibStub.lua" />
	
	<Include file="Libs\Ace3\CallbackHandler-1.0\CallbackHandler-1.0.xml" />
	<Include file="Libs\Ace3\AceAddon-3.0\AceAddon-3.0.xml" />
	<Include file="Libs\Ace3\AceConsole-3.0\AceConsole-3.0.xml" />
	<Include file="Libs\Ace3\AceGUI-3.0\AceGUI-3.0.xml" />
	<Include file="Libs\Ace3\AceConfig-3.0\AceConfig-3.0.xml" />
	<Include file="Libs\Ace3\AceDB-3.0\AceDB-3.0.xml" />
	<Include file="Libs\Ace3\AceDBOptions-3.0\AceDBOptions-3.0.xml" />
	<Include file="Libs\Ace3\AceHook-3.0\AceHook-3.0.xml" />
	<Include file="Libs\Ace3\AceEvent-3.0\AceEvent-3.0.xml" />
	<Include file="Libs\Ace3\AceTimer-3.0\AceTimer-3.0.xml" />
	<Include file="Libs\Ace3\AceBucket-3.0\AceBucket-3.0.xml" />

	<Script file="Libs\Ace2\AceLibrary\AceLibrary.lua" />
	<Script file="Libs\Ace2\AceOO-2.0\AceOO-2.0.lua" />
	<Script file="Libs\Ace2\AceLocale-2.2\AceLocale-2.2.lua" />
	
	<Script file="Libs\Dewdrop\Dewdrop-2.0\Dewdrop-2.0.lua" />

	<Script file="Libs\PeriodicTable\LibPeriodicTable-3.1\LibPeriodicTable-3.1.lua" />
	<Script file="Libs\PeriodicTable\LibPeriodicTable-3.1-Consumable\LibPeriodicTable-3.1-Consumable.lua" />
	<Script file="Libs\PeriodicTable\LibPeriodicTable-3.1-Misc\LibPeriodicTable-3.1-Misc.lua" />
	<Script file="Libs\PeriodicTable\LibPeriodicTable-3.1-Reputation\LibPeriodicTable-3.1-Reputation.lua" />
	<Script file="Libs\PeriodicTable\LibPeriodicTable-3.1-Tradeskill\LibPeriodicTable-3.1-Tradeskill.lua" />
	<Script file="Libs\PeriodicTable\LibPeriodicTable-3.1-TradeskillResultMats\LibPeriodicTable-3.1-TradeskillResultMats.lua" />

	<Include file="Libs\LibSharedMedia\LibSharedMedia-3.0\lib.xml" />

</Ui>
